EXERCICIO FINANCEIRO,TOTAL DEFESA,TOTAL MD,%MD/MD,TOTAL EXERCITO,%EB/MD,TOTAL AERONAUTICA,%FAB/MD,TOTAL MARINHA,%MB/MD,TOTAL DISTRIBUIDO
2023,122622247603,3140717455,2.5612949659578423,55634913141,45.37097812879991,30095550695,24.54330375058604,33751066312,27.52442315465621,100
2022,116493772013,2150390231,1.845927206099936,53713338332,46.10833472368456,28945029831,24.84684745873789,31685013619,27.198890611477623,100
2021,65848327897,2160400847,3.2808742696994533,28161000303,42.76646226620888,17593893489,26.718815877178205,17933033258,27.233847586913463,100
2020,73069108757,6325670068,8.65710582160892,28713207696,39.295959926771765,19171328443,26.237255071437275,18858902550,25.809679180182037,100
2019,107716786794,5821292411,5.404257390385001,45667182990,42.39560457492568,26165548803,24.29105952913317,30062762590,27.909078505556153,100
2018,100664996276,1813544194,1.8015638614118492,44761557534,44.465861212843265,25260396546,25.09352553567068,28829498002,28.639049390074206,100
2017,94837003786,2031376993,2.141966650047073,42417113900,44.726332767444184,24323780960,25.647985479261543,26064731933,27.483715103247196,100
2016,82058369206,2161349554,2.6339172651288383,36369233342,44.32117490745932,21478721394,26.174930847187134,22049064916,26.869976980224706,100
